NAME,Temperature,Catalyst_Amount,Starting_Reagent,Solvent,Time,Base,strategy
TYPE,DATA,DATA,DATA,DATA,DATA,DATA,METADATA
0,59.73313482670077,0.6797951023638787,1.8733536978534544,0.22257048633698623,17.311023285141424,3.6508911087061025,Single-objective BayOpt
