NAME,Temperature,Catalyst_Amount,Starting_Reagent,Solvent,Time,Base,strategy
TYPE,DATA,DATA,DATA,DATA,DATA,DATA,METADATA
0,68.09472637574522,0.030847962012563256,1.8155620983420455,0.2728464142534572,10.696111890132572,1.832351215420481,Single-objective BayOpt
