NAME,Temperature,Catalyst_Amount,Starting_Reagent,Solvent,Time,Base,strategy
TYPE,DATA,DATA,DATA,DATA,DATA,DATA,METADATA
0,50.205143580931605,0.019239759786260184,1.1577861163151022,0.16923935869724788,11.262687014256931,4.029339889920035,Single-objective BayOpt
