NAME,Temperature,Catalyst_Amount,Starting_Reagent,Solvent,Time,Base,strategy
TYPE,DATA,DATA,DATA,DATA,DATA,DATA,METADATA
0,57.70729579984848,0.2566612325421076,1.9550559437148287,0.27090684738619863,19.387935856521707,2.8617393303055105,Single-objective BayOpt
