NAME,Temperature,Catalyst_Amount,Starting_Reagent,Solvent,Time,Base,strategy
TYPE,DATA,DATA,DATA,DATA,DATA,DATA,METADATA
0,43.08303619582861,0.5630446309158305,1.3181593973237364,0.24184207914360675,17.303394249929724,1.7284851503262861,Single-objective BayOpt
