NAME,Temperature,Catalyst_Amount,Starting_Reagent,Solvent,Time,Base,strategy
TYPE,DATA,DATA,DATA,DATA,DATA,DATA,METADATA
0,50.594326356233104,0.42936312027330953,1.888356440493534,0.34733579266800485,20.38997329575968,3.5787464874116277,Single-objective BayOpt
