NAME,Temperature,Catalyst_Amount,Starting_Reagent,Solvent,Time,Base,strategy
TYPE,DATA,DATA,DATA,DATA,DATA,DATA,METADATA
0,43.50923086908366,0.41687849624134443,1.6426294814080207,0.23685545899541266,14.878905287251378,3.948127439011226,Single-objective BayOpt
